program,inst_count,cpi,branch_accuracy
rv32_copy.mem,131,2.671756,0.875000
rv32_fib_rec.mem,11957,3.253074,0.584536
alexnet.mem,209068,2.846973,0.908271
backtrack.mem,7201,2.922789,0.804926
bfs.mem,3483,2.870227,0.709046
priority_queue.mem,1454,3.452545,0.707547
