program,inst_count,cpi,branch_accuracy
copy,131,1.923664,0.875000
fib rec,11957,1.795266,0.584625
alexnet,209068,1.628097,0.900572
knight tour,7201,1.609915,0.830084
bfs,3483,1.530864,0.725728
prio queue,1454,1.740715,0.711538
